src,dst,weight
上用 みどり,奥田 将生,13
二神 泰基,玉置 尚徳,12
福田 央,韓 錦順,11
奥田 将生,髙橋 圭,9
山田 修,韓 錦順,9
山田 修,金井 宗良,9
山田 修,福田 央,9
二神 泰基,髙峯 和則,8
吉﨑 由美子,玉置 尚徳,8
吉﨑 由美子,髙峯 和則,8
上用 みどり,髙橋 圭,8
玉置 尚徳,髙峯 和則,8
奥津 果優,玉置 尚徳,8
山田 修,水谷 治,8
吉﨑 由美子,奥津 果優,8
二神 泰基,奥津 果優,8
奥津 果優,髙峯 和則,8
二神 泰基,吉﨑 由美子,8
包 紅彬,髙橋 圭,7
磯谷 敦子,藤井 力,7
岡崎 直人,石川 雄章,7
水谷 治,金井 宗良,7
包 紅彬,奥田 将生,7
上用 みどり,包 紅彬,7
福田 央,金井 宗良,6
武藤 貴史,石川 雄章,6
岡崎 直人,赤尾 健,6
岡崎 直人,武藤 貴史,6
岡崎 直人,木崎 康造,6
水谷 治,福田 央,6
向井 伸彦,奥田 将生,6
金井 宗良,韓 錦順,6
山本 英樹,水谷 政美,6
木崎 康造,武藤 貴史,6
木崎 康造,石川 雄章,6
水谷 治,韓 錦順,6
奥田 将生,河野 弘美,5
岩井 謙一,河野 邦晃,5
石川 雄章,稲橋 正明,5
上用 みどり,河野 弘美,5
岡崎 直人,稲橋 正明,5
山本 英樹,高山 清子,5
上用 みどり,向井 伸彦,5
包 紅彬,河野 弘美,5
水谷 政美,高山 清子,5
河野 弘美,髙橋 圭,5
向井 伸彦,髙橋 圭,5
向井 伸彦,山田 修,4
石川 雄章,赤尾 健,4
瀬戸口 智子,神渡 巧,4
木崎 康造,稲橋 正明,4
磯谷 敦子,飯塚 幸子,4
奥田 将生,沼田 美子代,4
磯谷 敦子,神田 涼子,4
木崎 康造,赤尾 健,4
神田 涼子,飯塚 幸子,4
沼田 美子代,髙橋 圭,4
武藤 貴史,稲橋 正明,4
奥田 将生,福田 央,4
武藤 貴史,赤尾 健,4
宮本 宗周,相澤 常滋,4
包 紅彬,向井 伸彦,4
丸山 裕慎,山﨑 栄次,4
稲橋 正明,赤尾 健,4
上用 みどり,福田 央,4
上用 みどり,沼田 美子代,4
若井 芳則,藤原 久志,3
中原 克己,木崎 康造,3
中原 克己,岡崎 直人,3
山﨑 正夫,西山 和夫,3
若井 芳則,西村 隆雄,3
奥津 果優,白石 洋平,3
若井 芳則,高堂 泰輔,3
神田 涼子,藤井 力,3
中原 克己,石川 雄章,3
玉置 尚徳,白石 洋平,3
中原 克己,武藤 貴史,3
山田 修,西堀 奈穂子,3
二神 泰基,白石 洋平,3
二神 泰基,和久 豊,3
河野 弘美,沼田 美子代,3
山本 英樹,祝園 秀樹,3
河野 邦晃,章 超,3
岩井 謙一,章 超,3
山田 修,福家 成美,3
倉橋 敦,小黒 芳史,3
五島 徹也,赤尾 健,3
山田 修,藤井 力,3
水谷 政美,祝園 秀樹,3
丸山 裕慎,小澤 敦揮,3
中山 忠博,小松 正和,3
吉﨑 由美子,白石 洋平,3
多山 賢二,岡本 洋子,3
藤井 力,金井 宗良,3
和久 豊,髙峯 和則,3
和久 豊,白石 洋平,3
和久 豊,玉置 尚徳,3
和久 豊,奥津 果優,3
白石 洋平,髙峯 和則,3
小澤 敦揮,山﨑 栄次,3
小松 正和,恩田 匠,3
中山 忠博,恩田 匠,3
藤井 力,西堀 奈穂子,3
吉﨑 由美子,和久 豊,3
藤井 力,飯塚 幸子,3
西村 隆雄,高堂 泰輔,3
西堀 奈穂子,金井 宗良,3
包 紅彬,沼田 美子代,3
向井 伸彦,西堀 奈穂子,3
谷本 昌太,馬渕 良太,3
三井 俊,近藤 徹弥,3
藤原 久志,高堂 泰輔,3
向井 伸彦,福家 成美,3
藤原 久志,西村 隆雄,3
渡邉 陽介,畠山 明,2
万膳 博幸,石川 雄章,2
外山 博英,東 春奈,2
水谷 政美,越智 洋,2
渡邉 治,田村 吉史,2
万膳 博幸,赤尾 健,2
丸山 裕慎,山岡 千鶴,2
万膳 博幸,稲橋 正明,2
光武 進,柳田 晃良,2
山田 修,飯塚 幸子,2
丸山 裕慎,藤原 孝之,2
尾関 健二,高橋 雅弥,2
万膳 博幸,武藤 貴史,2
松村 憲吾,秦 洋二,2
万膳 博幸,木崎 康造,2
山田 修,藤田 晃子,2
万膳 博幸,岡崎 直人,2
光武 進,永尾 晃治,2
水谷 政美,藤原 絵美,2
山下 伸雄,明石 貴裕,2
塚原 正俊,東 春奈,2
向井 伸彦,藤井 力,2
塚原 正俊,外山 博英,2
山下 伸雄,玉田 佳大,2
倉橋 敦,米井 嘉一,2
山下 伸雄,西本 遼,2
万膳 博幸,佐藤 和夫,2
光武 進,西向 めぐみ,2
越智 洋,高山 清子,2
中道 浩司,橋渡 携,2
家田 明音,山本 晃司,2
柳田 晃良,永尾 晃治,2
玉置 尚徳,門岡 千尋,2
柘植 圭介,阪本 真由子,2
小髙 敦史,秦 洋二,2
岡﨑 達郎,竹内 赴登,2
橋渡 携,渡邉 治,2
向井 伸彦,金井 宗良,2
玉田 佳大,西本 遼,2
朴 啓彰,能勢 晶,2
中道 浩司,佐藤 理奈,2
中道 浩司,富沢 ゆい子,2
中道 浩司,渡邉 治,2
岩井 謙一,瀬戸口 翔,2
中道 浩司,田村 吉史,2
橋渡 携,田村 吉史,2
玉村 隆子,福田 央,2
喜田 珠光,山本 英樹,2
岡﨑 達郎,谷野 有佳,2
喜田 珠光,水谷 政美,2
森本 朋子,金井 宗良,2
谷本 昌太,近藤 留未,2
森本 朋子,西堀 奈穂子,2
森本 朋子,藤井 力,2
森本 朋子,福家 成美,2
瀬戸口 翔,玉置 尚徳,2
近藤 留未,馬渕 良太,2
梶原 康博,高山 清子,2
富沢 ゆい子,橋渡 携,2
山田 修,神田 涼子,2
山本 英樹,梶原 康博,2
北垣 浩志,戴 凰凰,2
岩井 謙一,髙瀬 良和,2
安藤 有加,玉置 尚徳,2
安藤 有加,白石 洋平,2
安藤 有加,髙峯 和則,2
志水 元亨,近藤 徹弥,2
二神 泰基,門岡 千尋,2
恩田 匠,長沼 孝多,2
山本 英樹,藤原 絵美,2
吉﨑 由美子,安藤 有加,2
宮下 晃一,谷野 有佳,2
二神 泰基,安藤 有加,2
山本 英樹,越智 洋,2
佐藤 和夫,木崎 康造,2
二神 泰基,岩井 謙一,2
宮下 晃一,竹内 赴登,2
佐藤 和夫,武藤 貴史,2
二神 泰基,後藤 正利,2
吉田 聡子,藤井 力,2
吉田 聡子,西堀 奈穂子,2
佐藤 和夫,赤尾 健,2
佐藤 和夫,稲橋 正明,2
佐藤 和夫,石川 雄章,2
二神 泰基,河野 邦晃,2
吉田 聡子,金井 宗良,2
二神 泰基,瀬戸口 翔,2
宮下 晃一,岡﨑 達郎,2
伊豆 英恵,磯谷 敦子,2
河野 邦晃,瀬戸口 翔,2
河野 邦晃,玉置 尚徳,2
吉田 聡子,山田 修,2
岩佐 美月,馬渕 良太,2
山田 修,磯谷 敦子,2
五島 徹也,岡崎 直人,2
梶原 康博,高下 秀春,2
岩井 謙一,玉置 尚徳,2
梶原 康博,藤原 絵美,2
梶原 康博,水谷 政美,2
北垣 浩志,柳田 晃良,2
鈴木 利明,長井 隆,2
山岡 千鶴,山﨑 栄次,2
城 斗志夫,栗林 喬,2
山田 修,森本 朋子,2
山岡 千鶴,藤原 孝之,2
佐藤 和夫,岡崎 直人,2
岩佐 美月,近藤 留未,2
佐藤 理奈,富沢 ゆい子,2
岩佐 美月,谷本 昌太,2
岩佐 美月,田辺 詩織,2
山本 哲楠,岸本 宗和,2
山本 晃司,志水 元亨,2
宮川 博士,河野 邦晃,2
向井 伸彦,磯谷 敦子,2
河野 邦晃,髙瀬 良和,2
永尾 晃治,西向 めぐみ,2
佐藤 理奈,田村 吉史,2
佐藤 理奈,渡邉 治,2
山本 晃司,近藤 徹弥,2
佐藤 理奈,橋渡 携,2
岡崎 直人,蓮田 寛和,2
小髙 敦史,松村 憲吾,2
伊豆 英恵,神田 涼子,2
伊藤 一成,勝尾 晃久,2
星野 敦,鈴木 利明,2
原 崇,栗林 喬,2
伊藤 彰敏,家田 明音,2
原 崇,渡邉 陽介,2
原 崇,畠山 明,2
上佐古 大貴,山田 修,2
竹内 赴登,谷野 有佳,2
原 崇,鈴木 利明,2
原 崇,長井 隆,2
章 超,髙瀬 良和,2
小境 敏揮,岩井 謙一,2
小境 敏揮,河野 邦晃,2
伊藤 彰敏,原本 直幸,2
伊藤 彰敏,加藤 雅士,2
後藤 正利,門岡 千尋,2
稲橋 正明,蓮田 寛和,2
山﨑 楓,西山 和夫,2
栗林 喬,畠山 明,2
山﨑 楓,山﨑 正夫,2
有本 圭吾,渡邉 陽介,2
有本 圭吾,畠山 明,2
上佐古 大貴,向井 伸彦,2
勝尾 晃久,宮下 晃一,2
福家 成美,金井 宗良,2
福家 成美,西堀 奈穂子,2
福家 成美,藤井 力,2
伊藤 一成,宮下 晃一,2
神田 涼子,藤田 晃子,2
星野 敦,長井 隆,2
上佐古 大貴,森本 朋子,2
祝園 秀樹,高山 清子,2
原 崇,有本 圭吾,2
富沢 ゆい子,渡邉 治,2
富沢 ゆい子,田村 吉史,2
廣 あおい,谷山 健弘,2
加藤 雅士,近藤 徹弥,2
伊藤 彰敏,近藤 徹弥,2
藤原 絵美,高山 清子,2
向井 伸彦,韓 錦順,2
加藤 雅士,志水 元亨,2
加藤 雅士,山本 晃司,2
上佐古 大貴,金井 宗良,2
上佐古 大貴,西堀 奈穂子,2
上佐古 大貴,藤井 力,2
上佐古 大貴,福家 成美,2
加藤 雅士,家田 明音,2
加藤 雅士,原本 直幸,2
奥津 果優,安藤 有加,2
向井 伸彦,森本 朋子,2
伊藤 彰敏,志水 元亨,2
明石 貴裕,玉田 佳大,2
伊藤 彰敏,山本 晃司,2
明石 貴裕,西本 遼,2
伊藤 謙治,橋本 建哉,2
後藤 正利,玉置 尚徳,2
原 崇,城 斗志夫,2
原 崇,城斗 志夫,2
上用 みどり,玉村 隆子,2
原 崇,星野 敦,2
奥田 将生,橋爪 克己,2
家藤 治幸,山田 修,2
伊藤 俊彦,橋爪 克己,2
和久 豊,安藤 有加,2
勝尾 晃久,竹内 赴登,2
勝尾 晃久,谷野 有佳,2
小嶋 匡人,恩田 匠,2
三井 俊,山本 晃司,2
三井 俊,家田 明音,2
周 延,岡崎 直人,2
原本 直幸,近藤 徹弥,2
山﨑 栄次,藤原 孝之,2
向井 伸彦,河野 弘美,2
周 延,赤尾 健,2
柳田 晃良,西向 めぐみ,2
三井 俊,原本 直幸,2
田辺 詩織,馬渕 良太,2
石川 雄章,蓮田 寛和,2
田辺 詩織,近藤 留未,2
中村 彩奈,倉橋 敦,2
中村 彩奈,小黒 芳史,2
田辺 詩織,谷本 昌太,2
三井 俊,加藤 雅士,2
三井 俊,伊藤 彰敏,2
家田 明音,志水 元亨,2
伊藤 一成,谷野 有佳,2
木田 建次,袁 華偉,2
木田 建次,譚 力,2
伊藤 一成,竹内 赴登,2
伊藤 一成,岡﨑 達郎,2
奥田 将生,玉村 隆子,2
三井 俊,志水 元亨,2
三宅 剛史,宮下 晃一,2
家田 明音,近藤 徹弥,2
藤田 晃子,飯塚 幸子,2
大石 綾乃,馬渕 良太,2
三宅 剛史,竹内 赴登,2
三宅 剛史,岡﨑 達郎,2
大石 綾乃,近藤 留未,2
袁 華偉,譚 力,2
大石 綾乃,谷本 昌太,2
大石 綾乃,田辺 詩織,2
大石 綾乃,岩佐 美月,2
三宅 剛史,谷野 有佳,2
伊藤 俊彦,奥田 将生,2
原本 直幸,家田 明音,2
原本 直幸,山本 晃司,2
三宅 剛史,勝尾 晃久,2
小嶋 匡人,長沼 孝多,2
三宅 剛史,伊藤 一成,2
勝尾 晃久,岡﨑 達郎,2
原本 直幸,志水 元亨,2
岡本 洋子,高野 恭秀,1
岡田 佳那子,川田 惟樹,1
岡田 佳那子,髙橋 正之,1
岡本 洋子,谷本 昌太,1
岡本 雅子,東原 和成,1
岡本 洋子,藤川 美歩,1
岡田 佳那子,竹之下 眞喜子,1
岡田 佳那子,日下 一尊,1
岩井 謙一,西山 和夫,1
岩井 謙一,益留 綾菜,1
岡田 佳那子,田中 淳,1
岡本 洋子,金広 有紀,1
岡本 洋子,馬渕 良太,1
岩井 謙一,村上 愛,1
岡田 佳那子,渡邊 悠志,1
岡本 洋子,鈴木 麻希,1
岡田 佳那子,樫尾 篤樹,1
岡本 洋子,荒木 彩,1
岡田 佳那子,荒川 晃大,1
Adinda Putri Wisman,五味 勝也,1
岩井 謙一,野別 亮,1
岩井 謙一,鈴木 恵利香,1
広畑 修二,新間 秀一,1
平良 東紀,眞榮田 麻友美,1
平田 大,鈴木 一史,1
平田 大,金桶 光起,1
平田 大,西田 郁久,1
平田 大,田村 博康,1
平田 大,水沼 正樹,1
平田 大,本間 一郎,1
平澤 亮太郎,金桶 光起,1
平澤 亮太郎,西田 郁久,1
平澤 亮太郎,本間 一郎,1
平澤 亮太郎,平田 大,1
平林 和之,那須 賢二,1
平林 和之,豊田 健太郎,1
平林 和之,池崎 秀和,1
平林 和之,戸塚 昭,1
平山 匡男,渡辺 賢一,1
平山 匡男,後藤 博,1
平出 淑恵,高橋 睦樹,1
平出 淑恵,鈴木 更紗,1
平出 淑恵,藪崎 志穂,1
平井 菜未,鈴木 徹,1
平井 菜未,稲垣 瑞穂,1
平井 菜未,玉置 尚徳,1
平井 菜未,澤井 美伯,1
平井 菜未,正木 和夫,1
平井 菜未,杉山 誠,1
広畑 修二,玉田 佳大,1
広畑 修二,福崎 英一郎,1
廣川 豊一,鷲頭 啓介,1
徳岡 昌文,門倉 利守,1
成澤 直規,池田 真有花,1
志水 元亨,赤尾 健,1
志水 元亨,船井 秀哉,1
志水 元亨,榊原 康彰,1
志水 元亨,杉山 信之,1
徳田 宏晴,本間 裕人,1
徳永 信,飯塚 幸子,1
徳永 信,藤井 力,1
徳永 信,篠﨑 貴旭,1
徳永 信,磯谷 敦子,1
徳永 信,村山 美乃,1
徳永 信,木村 萌水,1
徳岡 昌文,進藤 斉,1
後藤 博,渡辺 賢一,1
徳岡 昌文,西森 大貴,1
徳岡 昌文,濱田 茉莉,1
徳岡 昌文,渡邉 亮太,1
徳岡 昌文,池田 優子,1
徳岡 昌文,本田 千尋,1
徳力 望,薦田 裕,1
後藤 正利,髙峯 和則,1
後藤 奈美,金井 宗良,1
後藤 奈美,西堀 奈穂子,1
後藤 奈美,藤井 力,1
後藤 奈美,福田 央,1
後藤 奈美,磯谷 敦子,1
平井 菜未,早川 享志,1
工藤 哲三,高山 清子,1
工藤 哲三,越智 洋,1
岩野 君夫,渡邉 剛志,1
岸本 徹,髙橋 圭,1
岸本 徹,飯塚 幸子,1
岸本 徹,藤田 晃子,1
岸本 徹,神田 涼子,1
岸本 徹,磯谷 敦子,1
岸本 宗和,柳田 藤寿,1
岸 保行,鈴木 一史,1
岸 保行,平田 大,1
岩野 君夫,齋藤 良,1
岩野 君夫,豊田 敦至,1
岩野 君夫,細井 淳,1
岩野 君夫,渡邊 健一,1
岩野 君夫,水野 正浩,1
島田 昌也,早川 享志,1
岩野 君夫,栗林 喬,1
岩野 君夫,成田 護,1
岩本 理,髙橋 圭,1
岩本 理,為久 博文,1
岩本 理,海老 克哉,1
岩本 理,河野 弘美,1
岩本 理,榎本 安宏,1
岩本 理,木下 靖章,1
岩佐 悟,飛田 啓輔,1
岩佐 悟,武田 文宣,1
岩井 謙一,高瀬 良和,1
岩井 謙一,飯島 遼平,1
島田 昌也,平井 菜未,1
島田 昌也,杉山 誠,1
工藤 哲三,祝園 秀樹,1
川根 秀平,後藤 奈美,1
工藤 哲三,水谷 政美,1
工藤 哲三,森村 茂,1
工藤 哲三,木田 建次,1
川邊 久之,藤野 舜一,1
川田 惟樹,髙橋 正之,1
川田 惟樹,荒川 晃大,1
川田 惟樹,竹之下 眞喜子,1
川田 惟樹,田中 淳,1
川田 惟樹,渡邊 悠志,1
川田 惟樹,樫尾 篤樹,1
岡本 洋子,泉 知沙,1
川根 秀平,福田 央,1
川島 忠臣,碇 菜穂,1
島田 昌也,正木 和夫,1
川口 真一,阪本 真由子,1
川口 真一,田中 猛豪,1
川口 真一,深見 裕之,1
川口 真一,柘植 圭介,1
川口 真一,戴 凰凰,1
川上 昭太郎,橋本 悠希,1
川上 昭太郎,梶原 信三,1
川上 昭太郎,村松 良樹,1
島田 昌也,鈴木 徹,1
島田 昌也,稲垣 瑞穂,1
島田 昌也,玉置 尚徳,1
島田 昌也,澤井 美伯,1
川田 惟樹,日下 一尊,1
山本 英治,磯谷 敦子,1
岡崎 直人,野呂 二三,1
小境 敏揮,野別 亮,1
小杉 隆之,瀬川 修一,1
小川 健二郎,西山 和夫,1
小川 健二郎,松浦 裕美,1
小川 健二郎,山﨑 正夫,1
小川 健二郎,山﨑 楓,1
小島 舞,髙峯 和則,1
小島 舞,玉置 尚徳,1
小室 真保,藤野 舜一,1
小室 真保,川邊 久之,1
小境 敏揮,髙瀬 良和,1
小境 敏揮,高瀬 良和,1
小境 敏揮,鈴木 恵利香,1
小境 敏揮,西山 和夫,1
岡崎 直人,渡辺 大輔,1
小境 敏揮,章 超,1
小境 敏揮,山﨑 正夫,1
寺田 裕信,藤原 久志,1
寺田 裕信,沼本 穂,1
寺田 裕信,森本 陽子,1
寺澤 善実,藤野 舜一,1
寺澤 善実,花牟礼 研一,1
寺澤 善実,石川 雄章,1
寺澤 善実,杉田 佑輔,1
寺本 聡子,高橋 睦樹,1
寺本 聡子,飯塚 幸子,1
寺本 聡子,鈴木 更紗,1
小杉 隆之,高澄 耕次,1
小杉 隆之,高瀬 貴仁,1
小松 さゆり,岩槻 健,1
小林 和也,渡辺 聡,1
小野 武年,西条 寿夫,1
小野 明日香,石田 安理紗,1
小路 博志,能勢 晶,1
小路 博志,朝日 輝,1
小田木 美保,飛田 啓輔,1
小田木 美保,武田 文宣,1
小田木 美保,岩佐 悟,1
小田 卓治,野田 衛,1
小瀬 亮太,石田 竜弘,1
小瀬 亮太,田島 健次,1
小瀬 亮太,松島 得雄,1
小濵 可奈絵,阪本 真由子,1
小濵 可奈絵,田中 猛豪,1
小濵 可奈絵,深見 裕之,1
小濵 可奈絵,柘植 圭介,1
小濵 可奈絵,戴 凰凰,1
小濵 可奈絵,川口 真一,1
小濵 可奈絵,尾關 佑樹,1
小澤 敦揮,野村 由司彦,1
小澤 敦揮,赤尾 健,1
小澤 敦揮,藤原 孝之,1
小澤 敦揮,田中 真二,1
小澤 敦揮,山岡 千鶴,1
小林 弘憲,齋藤 浩,1
小林 弘憲,望月 太,1
寺本 聡子,藪崎 志穂,1
寺本 聡子,藤田 晃子,1
寺本 聡子,神田 涼子,1
宮﨑 優太,山﨑 栄次,1
宮本 靖久,鷲田 和人,1
宮本 靖久,鈴木 康司,1
宮本 敦史,野村 由司彦,1
宮本 敦史,田中 真二,1
宮本 敦史,山﨑 栄次,1
宮本 敦史,小澤 敦揮,1
宮本 敦史,宮﨑 優太,1
宮本 拓,豊川 佳奈子,1
宮本 拓,烏力吉徳力根,1
宮本 宗周,韓 錦順,1
宮本 宗周,長船 行雄,1
宮本 宗周,諸橋 一樹,1
宮本 宗周,磯谷 敦子,1
宮川 博士,高瀬 良和,1
宮川 博士,鈴木 恵利香,1
宮川 博士,甲斐 ひとみ,1
宮川 博士,瀬戸 口翔,1
宮川 博士,岩井 謙一,1
宮川 博士,尾崎 真理子,1
宮川 博士,小境 敏揮,1
宮尾 俊輔,金桶 光起,1
宮尾 俊輔,栗林 喬,1
宮内 英昭,鷲頭 啓介,1
宮内 英昭,廣川 豊一,1
室井 佑介,橋本 悠希,1
宮﨑 優太,小澤 敦揮,1
宮﨑 優太,田中 真二,1
寺本 聡子,平出 淑恵,1
宮﨑 優太,野村 由司彦,1
寺本 聡子,山田 修,1
寺本 拓生,金井 宗良,1
寺本 拓生,西堀 奈穂子,1
寺本 拓生,藤井 力,1
寺本 拓生,福家 成美,1
寺本 拓生,熊崎 努,1
寺本 拓生,森本 朋子,1
寺本 拓生,山田 修,1
寺島 和哉,石原 智,1
寺島 和哉,本間 知夫,1
實方 綾子,谷川 篤史,1
實方 綾子,蛸井 潔,1
富原 健一,藤田 晃子,1
富原 健一,藤井 力,1
富原 健一,濱田 由紀雄,1
家藤 治幸,韓 錦順,1
家藤 治幸,金井 宗良,1
家藤 治幸,福田 央,1
家藤 治幸,福家 成美,1
家藤 治幸,水谷 治,1
家藤 治幸,正木 和夫,1
家田 明音,赤尾 健,1
家田 明音,船井 秀哉,1
家田 明音,榊原 康彰,1
家田 明音,杉山 信之,1
小野 武年,近藤 高史,1
小髙 敦史,森本（榊原） 舞子,1
小髙 敦史,渡邊 賢明,1
山田 和史,森村 茂,1
山田 和史,工藤 哲三,1
山田 修,髙橋 圭,1
山田 修,荻原 淳,1
山田 修,片岡 涼輔,1
山田 修,熊崎 努,1
山田 修,渡邊 泰祐,1
山田 修,正木 和夫,1
山田 修,東 春奈,1
山田 修,後藤 奈美,1
山田 修,岸本 徹,1
山根 善治,武宮 重人,1
山本 英治,飯塚 幸子,1
山本 英治,藤井 力,1
山本 英治,篠﨑 貴旭,1
成田 護,栗林 喬,1
山本 英治,村山 美乃,1
山本 英治,木村 萌水,1
山本 英治,徳永 信,1
山本 英樹,黒木 邦彦,1
山本 英樹,髙下 秀春,1
山本 英樹,高下 秀春,1
山本 英樹,藤田 依里,1
山本 英樹,福良 奈津子,1
山本 英樹,森村 茂,1
山本 英樹,木田 建次,1
山田 和史,木田 建次,1
山田 和史,水谷 政美,1
山本 英樹,山田 和史,1
山田 和史,祝園 秀樹,1
岡崎 直人,村上 智子,1
山﨑 正夫,髙瀬 良和,1
山﨑 正夫,野別 亮,1
山﨑 正夫,章 超,1
山﨑 正夫,河野 邦晃,1
山﨑 正夫,松浦 裕美,1
山﨑 正夫,岩井 謙一,1
山﨑 楓,松浦 裕美,1
山﨑 梨沙,西向 めぐみ,1
山﨑 梨沙,藤原 朋子,1
山﨑 梨沙,永尾 晃治,1
山﨑 梨沙,柳田 晃良,1
山﨑 栄次,野村 由司彦,1
山﨑 栄次,赤尾 健,1
山﨑 栄次,田中 真二,1
山﨑 栄次,栗田 修,1
山田 雅人,黒岩 真弓,1
山田 雅人,赤尾 健,1
山田 雅人,浅水 俊平,1
山田 耕路,西園 祥子,1
山田 翼,高橋 俊成,1
山田 翼,田中 伸哉,1
山田 翼,柴田 裕介,1
山田 和史,高山 清子,1
山田 和史,越智 洋,1
山本 英樹,工藤 哲三,1
山本 晃司,赤尾 健,1
小髙 敦史,葛西 寛一,1
山下 伸雄,山内 隆寛,1
尾關 佑樹,田中 猛豪,1
尾關 佑樹,深見 裕之,1
尾關 佑樹,柘植 圭介,1
尾關 佑樹,戴 凰凰,1
尾關 佑樹,川口 真一,1
尾関 健二,金子 明裕,1
尾崎 真理子,甲斐 ひとみ,1
尾崎 真理子,瀬戸 口翔,1
尾崎 真理子,河野 邦晃,1
尾崎 信紘,渡辺 賢一,1
尾崎 信紘,後藤 博,1
尾崎 信紘,平山 匡男,1
尾仲 宏康,黒岩 真弓,1
尾仲 宏康,赤尾 健,1
尾仲 宏康,浅水 俊平,1
尾仲 宏康,山田 雅人,1
尾上 昌平,髙峯 和則,1
尾上 昌平,門岡 千尋,1
尾上 昌平,玉置 尚徳,1
尾上 昌平,後藤 正利,1
小黒 芳史,米井 嘉一,1
小黒 芳史,渡辺 賢一,1
小黒 芳史,後藤 博,1
小黒 芳史,平山 匡男,1
小黒 芳史,尾崎 信紘,1
尾關 佑樹,阪本 真由子,1
山下 伸雄,浅井 拓也,1
山本 晃司,船井 秀哉,1
山下 伸雄,窪寺 隆文,1
山本 晃司,榊原 康彰,1
山本 晃司,杉山 信之,1
山本 佳奈子,門倉 利守,1
山本 佳奈子,西森 大貴,1
山本 佳奈子,徳岡 昌文,1
山崎 敦史,稲葉 重樹,1
山崎 敦史,木村 明音,1
山岡 千鶴,栗田 修,1
山口 一真,髙橋 正之,1
山口 一真,荒川 晃大,1
山口 一真,竹之下 眞喜子,1
山口 一真,田中 淳,1
山口 一真,渡邊 悠志,1
山口 一真,樫尾 篤樹,1
山口 一真,日下 一尊,1
山口 一真,川田 惟樹,1
山口 一真,岡田 佳那子,1
山内 隆寛,西本 遼,1
山内 隆寛,玉田 佳大,1
山内 隆寛,浅井 拓也,1
山内 隆寛,明石 貴裕,1
山下 治之,朝倉 富子,1
山下 典生,那須 清吾,1
山下 典生,能勢 晶,1
山下 典生,朴 啓彰,1
成澤 直規,竹永 章生,1
木村 萌水,飯塚 幸子,1
成田 護,渡邉 剛志,1
相澤 常滋,韓 錦順,1
熊崎 努,西堀 奈穂子,1
熊崎 努,藤井 力,1
熊崎 努,福家 成美,1
烏力吉徳力根,豊川 佳奈子,1
為久 博文,髙橋 圭,1
瀬戸口 翔,飯島 遼平,1
瀬戸口 翔,章 超,1
瀬戸口 翔,益留 綾菜,1
瀬戸 口翔,甲斐 ひとみ,1
瀬川 修一,高瀬 貴仁,1
瀬川 修一,高澄 耕次,1
瀬尾 直美,石川 潤一,1
瀬尾 直美,畑中 咲子,1
濱田 茉莉,進藤 斉,1
濱田 由紀雄,藤田 晃子,1
濱田 由紀雄,藤井 力,1
濱崎 天誠,能勢 晶,1
澤井 美伯,鈴木 徹,1
澤井 美伯,稲垣 瑞穂,1
澤井 美伯,玉置 尚徳,1
満生 萌水,稲葉 繁樹,1
湯 岳琴,陳 浩,1
湯 岳琴,譚 力,1
湯 岳琴,袁 華偉,1
渡邊 賢明,葛西 寛一,1
渡邊 賢明,秦 洋二,1
渡邊 泰祐,荻原 淳,1
渡邊 泰祐,片岡 涼輔,1
渡邊 悠志,髙橋 正之,1
熊崎 努,金井 宗良,1
片岡 涼輔,荻原 淳,1
玉田 佳大,福崎 英一郎,1
田中 淳,竹之下 眞喜子,1
相澤 常滋,諸橋 一樹,1
相澤 常滋,磯谷 敦子,1
益村 晃司,金井 宗良,1
白子 紗希,鄭 屹峰,1
畠山 明,高橋 方夫,1
畠山 明,遣水 潤,1
畑中 咲子,石川 潤一,1
田村 友規,鈴木 秀之,1
田島 健次,石田 竜弘,1
田中 真二,野村 由司彦,1
田中 猛豪,阪本 真由子,1
田中 淳,髙橋 正之,1
田中 淳,荒川 晃大,1
田中 建伎,髙橋 圭,1
玉田 佳大,窪寺 隆文,1
田中 宥司,高久 洋暁,1
田中 宥司,長嶺 敬,1
田中 伸哉,高橋 俊成,1
甫木 嘉朗,高橋 朋,1
甫木 嘉朗,赤木 浩介,1
甫木 嘉朗,糀谷 啓仁,1
玉置 尚徳,鮫島 吉廣,1
玉置 尚徳,飯島 遼平,1
玉置 尚徳,鈴木 徹,1
玉置 尚徳,遠城 道雄,1
玉置 尚徳,章 超,1
玉置 尚徳,稲垣 瑞穂,1
玉置 尚徳,益留 綾菜,1
渡邊 悠志,荒川 晃大,1
渡邊 悠志,竹之下 眞喜子,1
渡邊 悠志,田中 淳,1
池田 優子,濱田 茉莉,1
河野 邦晃,益留 綾菜,1
河野 邦晃,甲斐 ひとみ,1
河野 邦晃,瀬戸 口翔,1
河野 弘美,高見 昭彦,1
河野 弘美,為久 博文,1
河野 弘美,海老 克哉,1
河戸 哲弥,龍崎 博,1
河戸 哲弥,脇中 琢良,1
池田 真有花,竹永 章生,1
池田 優理子,藤井 力,1
池田 優理子,神田 涼子,1
池田 優理子,磯谷 敦子,1
池田 優子,進藤 斉,1
池田 優子,渡邉 亮太,1
河野 邦晃,野別 亮,1
池崎 秀和,那須 賢二,1
池崎 秀和,豊田 健太郎,1
永田 善明,秋吉 渚月,1
永田 信治,高橋 朋,1
永田 信治,赤木 浩介,1
永田 信治,糀谷 啓仁,1
永田 信治,甫木 嘉朗,1
永尾 晃治,阪本 真由子,1
永尾 晃治,酒谷 真以,1
永尾 晃治,藤原 朋子,1
永尾 晃治,浜島 浩史,1
水野 正浩,齋藤 良,1
水野 正浩,豊田 敦至,1
河野 邦晃,西山 和夫,1
河野 邦晃,鈴木 恵利香,1
渡邉 剛志,渡邊 健一,1
浜島 浩史,酒谷 真以,1
渡邉 亮太,進藤 斉,1
渡邉 亮太,濱田 茉莉,1
渡辺 守,石川 潤一,1
渡辺 守,畑中 咲子,1
渡辺 守,瀬尾 直美,1
渡辺 大輔,高木 博史,1
渡辺 大輔,赤尾 健,1
清水 友里,若林 素子,1
深見 裕之,阪本 真由子,1
深見 裕之,田中 猛豪,1
海老 克哉,髙橋 圭,1
海老 克哉,為久 博文,1
浜島 浩史,阪本 真由子,1
浜島 浩史,西向 めぐみ,1
河野 邦晃,飯島 遼平,1
浅野 真理子,高橋 享子,1
浅野 真理子,竹本 和仁,1
浅水 俊平,黒岩 真弓,1
浅水 俊平,赤尾 健,1
浅井 拓也,西本 遼,1
浅井 拓也,玉田 佳大,1
泉 知沙,高野 恭秀,1
泉 知沙,馬渕 良太,1
泉 知沙,金広 有紀,1
泉 知沙,谷本 昌太,1
泉 知沙,藤川 美歩,1
沼本 穂,藤原 久志,1
河野 邦晃,高瀬 良和,1
相澤 常滋,長船 行雄,1
石丸 莉帆,能勢 晶,1
成田 護,渡邊 健一,1
石丸 莉帆,藤原 裕弥,1
谷本 昌太,高野 恭秀,1
谷本 昌太,金広 有紀,1
譚 力,陳 浩,1
西田 郁久,金桶 光起,1
西田 淑男,重田 一磨,1
西森 大貴,門倉 利守,1
西条 寿夫,近藤 高史,1
西山 和夫,髙瀬 良和,1
西山 和夫,野別 亮,1
西堀 奈穂子,韓 錦順,1
西向 めぐみ,阪本 真由子,1
西向 めぐみ,酒谷 真以,1
袁 華偉,陳 浩,1
蛸井 潔,谷川 篤史,1
藪崎 志穂,高橋 睦樹,1
藪崎 志穂,鈴木 更紗,1
藤田 晃子,髙橋 圭,1
藤田 信之,鈴木 健一朗,1
藤田 依里,高山 清子,1
藤川 美歩,高野 恭秀,1
藤川 美歩,馬渕 良太,1
藤川 美歩,金広 有紀,1
藤川 美歩,谷本 昌太,1
藤原 裕弥,藤本 麻菜,1
藤原 絵美,髙下 秀春,1
藤原 絵美,高下 秀春,1
藤原 朋子,西向 めぐみ,1
藤原 伸介,赤坂 直紀,1
藤井 力,駒越 まるみ,1
豊田 健太郎,那須 賢二,1
豊田 敦至,齋藤 良,1
赤尾 健,近藤 徹弥,1
鈴木 恵利香,高瀬 良和,1
高見 昭彦,髙橋 圭,1
高澄 耕次,高瀬 貴仁,1
高山 清子,黒木 邦彦,1
高山 清子,髙下 秀春,1
高尾 佳史,高橋 俊成,1
高下 秀春,高山 清子,1
馬渕 良太,高野 恭秀,1
飯塚 幸子,髙橋 圭,1
青柳 秀紀,高橋 将人,1
門岡 千尋,髙峯 和則,1
長船 行雄,韓 錦順,1
長嶺 敬,高久 洋暁,1
鈴木 更紗,高橋 睦樹,1
鈴木 康司,鷲田 和人,1
赤尾 健,野呂 二三,1
金桶 光起,鍋倉 義仁,1
金広 有紀,高野 恭秀,1
金広 有紀,馬渕 良太,1
金古 堅太郎,鈴木 浩武,1
野別 亮,髙瀬 良和,1
酒谷 真以,阪本 真由子,1
遣水 潤,高橋 方夫,1
遠城 道雄,髙峯 和則,1
進藤 昌,高嶋 海,1
辻井 良政,髙野 克己,1
越智 洋,黒木 邦彦,1
赤木 浩介,高橋 朋,1
赤尾 健,黒岩 真弓,1
藤井 力,藤田 晃子,1
蓮田 寛和,野呂 二三,1
蓮田 寛和,赤尾 健,1
磯谷 敦子,韓 錦順,1
稲橋 正明,野呂 二三,1
稲垣 瑞穂,鈴木 徹,1
秦 洋二,葛西 寛一,1
秋田 修,阿部 真紀,1
秀島 宣雄,飯田 愛実,1
秀島 宣雄,荒木 利芳,1
福留 奈美,館 博,1
神田 涼子,髙橋 圭,1
祝園 秀樹,越智 洋,1
祝園 秀樹,藤田 依里,1
祝園 秀樹,福良 奈津子,1
磯谷 敦子,髙橋 圭,1
磯谷 敦子,駒越 まるみ,1
磯谷 敦子,長船 行雄,1
章 超,西山 和夫,1
磯谷 敦子,金井 宗良,1
磯谷 敦子,西堀 奈穂子,1
磯谷 敦子,藤田 晃子,1
磯谷 敦子,落合 伸夫,1
磯谷 敦子,篠﨑 貴旭,1
磯谷 敦子,笹本 喜久男,1
石川 雄章,野呂 二三,1
石川 雄章,藤野 舜一,1
石川 雄章,花牟礼 研一,1
石子 彩夏,金内 誠,1
石井 友理,赤坂 直紀,1
石井 友理,藤原 伸介,1
石丸 莉帆,藤本 麻菜,1
窪寺 隆文,西本 遼,1
章 超,野別 亮,1
落合 伸夫,駒越 まるみ,1
能勢 晶,藤本 麻菜,1
落合 伸夫,藤井 力,1
萩原 葵,野地 秀和,1
菅原 雅通,鍋倉 義仁,1
菅原 雅通,金桶 光起,1
荒木 彩,鈴木 麻希,1
荒木 利芳,飯田 愛実,1
荒川 晃大,髙橋 正之,1
花牟礼 研一,藤野 舜一,1
船井 秀哉,近藤 徹弥,1
船井 秀哉,赤尾 健,1
脇山 元気,野田 義治,1
脇中 琢良,龍崎 博,1
能勢 晶,那須 清吾,1
能勢 晶,藤原 裕弥,1
章 超,飯島 遼平,1
細井 淳,齋藤 良,1
細井 淳,豊田 敦至,1
糀谷 啓仁,高橋 朋,1
糀谷 啓仁,赤木 浩介,1
篠﨑 貴旭,飯塚 幸子,1
篠﨑 貴旭,藤井 力,1
笹本 喜久男,駒越 まるみ,1
笹本 喜久男,藤井 力,1
笹本 喜久男,落合 伸夫,1
竹本 和仁,高橋 享子,1
竹川 薫,高下 秀春,1
竹之下 眞喜子,髙橋 正之,1
竹之下 眞喜子,荒川 晃大,1
水野 正浩,細井 淳,1
水谷 治,西堀 奈穂子,1
水谷 治,藤井 力,1
水谷 治,福家 成美,1
本間 知夫,石原 智,1
本間 一郎,金桶 光起,1
本間 一郎,西田 郁久,1
末野 和男,高橋 俊成,1
末野 和男,高尾 佳史,1
末原 憲一郎,橋本 篤,1
木野 はるか,木野 邦器,1
木田 建次,高山 清子,1
木田 建次,陳 浩,1
木田 建次,越智 洋,1
木田 建次,祝園 秀樹,1
木田 建次,湯 岳琴,1
木田 建次,水谷 政美,1
木田 建次,森村 茂,1
室井 佑介,村松 良樹,1
木村 萌水,藤井 力,1
木村 萌水,篠﨑 貴旭,1
木村 萌水,磯谷 敦子,1
木村 萌水,村山 美乃,1
木村 英生,長沼 孝多,1
木村 英生,橋本 卓也,1
木村 明音,稲葉 重樹,1
木曽 太郎,桐生 高明,1
木曽 太郎,村上 洋,1
木崎 康造,野呂 二三,1
木崎 康造,蓮田 寛和,1
木崎 康造,村上 智子,1
木下 靖章,髙橋 圭,1
木下 靖章,為久 博文,1
朴 啓彰,那須 清吾,1
杉山 信之,榊原 康彰,1
杉山 信之,船井 秀哉,1
杉田 佑輔,藤野 舜一,1
村井 喜彦,高見 昭彦,1
村井 喜彦,河野 弘美,1
村井 喜彦,桐山 裕史,1
村上 洋,桐生 高明,1
村上 智子,野呂 二三,1
村上 智子,赤尾 健,1
村上 智子,蓮田 寛和,1
村上 智子,稲橋 正明,1
村上 智子,石川 雄章,1
村上 智子,武藤 貴史,1
村上 愛,髙瀬 良和,1
村上 愛,章 超,1
村上 愛,河野 邦晃,1
杉田 佑輔,花牟礼 研一,1
杉山 信之,赤尾 健,1
杉田 佑輔,石川 雄章,1
杉浦 義正,飯田 愛実,1
杉浦 義正,荒木 利芳,1
杉浦 義正,秀島 宣雄,1
杉浦 義正,村瀬 昇,1
杉浦 義正,村山 史康,1
杉山 誠,鈴木 徹,1
杉山 誠,稲垣 瑞穂,1
杉山 誠,玉置 尚徳,1
杉山 誠,澤井 美伯,1
杉山 誠,正木 和夫,1
杉山 峰崇,松下 青葉,1
杉山 信之,近藤 徹弥,1
木下 靖章,海老 克哉,1
木下 靖章,河野 弘美,1
木下 靖章,榎本 安宏,1
数岡 孝幸,野地 秀和,1
日本ワイナリー協会,日本酒造組合中央会,1
日本ワイナリー協会,日本蒸留酒酒造組合,1
日本ワイナリー協会,日本洋酒酒造組合,1
日下 一尊,髙橋 正之,1
日下 一尊,荒川 晃大,1
日下 一尊,竹之下 眞喜子,1
日下 一尊,田中 淳,1
日下 一尊,渡邊 悠志,1
日下 一尊,樫尾 篤樹,1
新間 秀一,福崎 英一郎,1
新間 秀一,玉田 佳大,1
文 智渶,松下 青葉,1
文 智渶,杉山 峰崇,1
数岡 孝幸,萩原 葵,1
日本洋酒酒造組合,日本酒造組合中央会,1
戸塚 昭,那須 賢二,1
戸塚 昭,豊田 健太郎,1
戸塚 昭,池崎 秀和,1
戴 凰凰,阪本 真由子,1
戴 凰凰,稲葉 繁樹,1
戴 凰凰,田中 猛豪,1
戴 凰凰,満生 萌水,1
戴 凰凰,深見 裕之,1
戴 凰凰,柳田 晃良,1
戴 凰凰,柘植 圭介,1
戴 凰凰,曽 馨儀,1
戦 思彤,金内 誠,1
戦 思彤,石子 彩夏,1
日本洋酒酒造組合,日本蒸留酒酒造組合,1
日本蒸留酒酒造組合,日本酒造組合中央会,1
朝比奈 秀一,秋吉 渚月,1
曽 馨儀,稲葉 繁樹,1
朝比奈 秀一,永田 善明,1
朝日 輝,能勢 晶,1
望月 太,齋藤 浩,1
有本 圭吾,栗林 喬,1
有住 和彦,石川 潤一,1
有住 和彦,畑中 咲子,1
有住 和彦,瀬尾 直美,1
有住 和彦,渡辺 守,1
有住 和彦,橋本 建哉,1
曾 伝濤,髙峯 和則,1
曾 伝濤,遠城 道雄,1
曾 伝濤,玉置 尚徳,1
曽我 浩,秦 洋二,1
曽 馨儀,満生 萌水,1
早川 享志,杉山 誠,1
曽 馨儀,柳田 晃良,1
星野 敦,栗林 孝,1
星野 敦,栗林 喬,1
星野 保,辻 雅晴,1
星 靖子,鈴木 整,1
明石 貴裕,窪寺 隆文,1
明石 貴裕,浅井 拓也,1
早瀬 文孝,渡辺 寛人,1
早川 享志,鈴木 徹,1
早川 享志,稲垣 瑞穂,1
早川 享志,玉置 尚徳,1
早川 享志,澤井 美伯,1
早川 享志,正木 和夫,1
村井 喜彦,髙橋 圭,1
村山 史康,村瀬 昇,1
村山 史康,秀島 宣雄,1
椎名 将平,鈴木 浩武,1
横野 瑞希,藤井 力,1
横野 瑞希,落合 伸夫,1
横野 瑞希,笹本 喜久男,1
横野 瑞希,磯谷 敦子,1
樋口 進,瀧村 剛,1
榎本 安宏,髙橋 圭,1
榎本 安宏,為久 博文,1
榎本 安宏,海老 克哉,1
榎本 安宏,河野 弘美,1
榊原 康彰,近藤 徹弥,1
榊原 康彰,赤尾 健,1
榊原 康彰,船井 秀哉,1
楠本 倫久,野尻 昌信,1
椎名 将平,金古 堅太郎,1
樫尾 篤樹,渡邊 悠志,1
植木 達朗,野田 義治,1
植木 達朗,脇山 元気,1
森田 友岳,雜賀 あずさ,1
森村 茂,高山 清子,1
森村 茂,越智 洋,1
森村 茂,祝園 秀樹,1
森村 茂,水谷 政美,1
森本（榊原） 舞子,葛西 寛一,1
森本（榊原） 舞子,秦 洋二,1
森本（榊原） 舞子,渡邊 賢明,1
森本 陽子,藤原 久志,1
森本 陽子,沼本 穂,1
森本 朋子,熊崎 努,1
横野 瑞希,駒越 まるみ,1
樫尾 篤樹,田中 淳,1
森山 裕理子,青山 嘉宏,1
正木 和夫,稲垣 瑞穂,1
水谷 政美,黒木 邦彦,1
水谷 政美,髙下 秀春,1
水谷 政美,高下 秀春,1
水谷 政美,藤田 依里,1
水谷 政美,福良 奈津子,1
水沼 正樹,金井 宗良,1
水沼 正樹,益村 晃司,1
水沼 正樹,田村 博康,1
殿内 暁夫,青山 嘉宏,1
武藤 貴史,野呂 二三,1
武藤 貴史,蓮田 寛和,1
武田 文宣,飛田 啓輔,1
正木 和夫,鈴木 徹,1
正木 和夫,福家 成美,1
樫尾 篤樹,竹之下 眞喜子,1
正木 和夫,玉置 尚徳,1
正木 和夫,澤井 美伯,1
橋爪 克己,高嶋 海,1
橋爪 克己,進藤 昌,1
橋本 建哉,石川 潤一,1
橋本 建哉,畑中 咲子,1
橋本 建哉,瀬尾 直美,1
橋本 建哉,渡辺 守,1
橋本 卓也,長沼 孝多,1
橋口 知一,武宮 重人,1
樽野 陽幸,野村 憲吾,1
樫尾 篤樹,髙橋 正之,1
樫尾 篤樹,荒川 晃大,1
森本 朋子,水谷 治,1
森山 裕理子,殿内 暁夫,1
村山 史康,荒木 利芳,1
村瀬 昇,飯田 愛実,1
松浦 裕美,西山 和夫,1
松村 憲吾,葛西 寛一,1
松村 憲吾,渡邊 賢明,1
松村 憲吾,森本（榊原） 舞子,1
松本 菜月,金内 誠,1
松島 得雄,石田 竜弘,1
松島 得雄,田島 健次,1
松原 英隆,浦野 絋平,1
東 春奈,玉城 康智,1
東 春奈,水谷 治,1
村田 梨恵,髙峯 和則,1
村田 梨恵,白石 洋平,1
村田 梨恵,玉置 尚徳,1
村瀬 昇,荒木 利芳,1
柘植 圭介,永尾 晃治,1
村瀬 昇,秀島 宣雄,1
村松 良樹,橋本 悠希,1
村松 良樹,梶原 信三,1
村松 久司,高橋 朋,1
村松 久司,赤木 浩介,1
村松 久司,糀谷 啓仁,1
村松 久司,甫木 嘉朗,1
村松 久司,永田 信治,1
村山 美乃,飯塚 幸子,1
村山 美乃,藤井 力,1
村山 美乃,篠﨑 貴旭,1
村山 美乃,磯谷 敦子,1
村山 史康,飯田 愛実,1
柘植 圭介,柳田 晃良,1
柘植 圭介,浜島 浩史,1
梶原 康博,髙下 秀春,1
栗林 喬,遣水 潤,1
梶原 康博,竹川 薫,1
梶原 信三,橋本 悠希,1
梅川 結,進藤 昌,1
桐山 裕史,髙橋 圭,1
桐山 裕史,高見 昭彦,1
桐山 裕史,河野 弘美,1
栗田 修,藤原 孝之,1
栗林 孝,長井 隆,1
栗林 孝,鈴木 利明,1
栗林 喬,高橋 方夫,1
栗林 喬,長井 隆,1
栗林 喬,鈴木 利明,1
栗林 喬,金桶 光起,1
栗林 喬,渡邊 健一,1
柘植 圭介,深見 裕之,1
栗林 喬,渡邉 陽介,1
栗林 喬,渡邉 剛志,1
柴田 裕介,高橋 俊成,1
柴田 裕介,田中 伸哉,1
柳田 晃良,阪本 真由子,1
柳田 晃良,酒谷 真以,1
柳田 晃良,藤原 朋子,1
柳田 晃良,稲葉 繁樹,1
柳田 晃良,満生 萌水,1
柳田 晃良,浜島 浩史,1
柘植 圭介,酒谷 真以,1
柘植 圭介,西向 めぐみ,1
柘植 圭介,田中 猛豪,1
室井 佑介,梶原 信三,1
太田 広人,水谷 政美,1
室井 佑介,川上 昭太郎,1
今村 美穂,碇 菜穂,1
伊藤 伸一,川田 惟樹,1
伊藤 伸一,岡田 佳那子,1
伊藤 伸一,山口 一真,1
伊藤 伸一,大江 吉彦,1
伊藤 伸一,坂本 光一,1
伊藤 伸一,北村 哲也,1
伊藤 伸一,伊豆 英恵,1
伊木 由香理,藤井 力,1
伊木 由香理,神田 涼子,1
伊木 由香理,磯谷 敦子,1
伊木 由香理,池田 優理子,1
伊木 由香理,伊豆 英恵,1
仲原 丈晴,内田 理一郎,1
今田 周三,浜田 由紀雄,1
今村 美穂,川島 忠臣,1
内田 みなみ,澤井 美伯,1
今村 美穂,堀場 太郎,1
今井 裕貴,高橋 方夫,1
今井 裕貴,遣水 潤,1
今井 裕貴,畠山 明,1
今井 裕貴,栗林 喬,1
井沢 真吾,吉田 雅偲,1
井原 信二,武宮 重人,1
井原 信二,山根 善治,1
井上 郁香,藤本 麻菜,1
井上 郁香,藤原 裕弥,1
井上 郁香,能勢 晶,1
井上 郁香,石丸 莉帆,1
井上 豊久,藤井 力,1
井上 豊久,磯谷 敦子,1
伊藤 伸一,日下 一尊,1
伊藤 伸一,樫尾 篤樹,1
伊藤 伸一,渡邊 悠志,1
伊藤 伸一,田中 淳,1
伊豆 英恵,坂本 光一,1
伊豆 英恵,向井 伸彦,1
伊豆 英恵,北村 哲也,1
伊豆 英恵,包 紅彬,1
伊藤 謙治,石川 潤一,1
伊藤 謙治,畑中 咲子,1
伊藤 謙治,瀬尾 直美,1
伊藤 謙治,渡辺 守,1
伊藤 謙治,有住 和彦,1
伊藤 謙治,吉村 緑,1
伊藤 彰敏,重田 一磨,1
伊藤 彰敏,赤尾 健,1
伊藤 彰敏,西田 淑男,1
伊藤 彰敏,船井 秀哉,1
伊藤 彰敏,榊原 康彰,1
伊藤 彰敏,杉山 信之,1
伊藤 彰敏,吉村 明浩,1
伊藤 彰敏,佐竹 弘樹,1
伊藤 俊彦,高嶋 海,1
伊藤 俊彦,進藤 昌,1
伊藤 俊彦,石川 雄章,1
伊藤 俊彦,武藤 貴史,1
伊藤 俊彦,木崎 康造,1
伊藤 俊彦,岡崎 直人,1
伊藤 俊彦,大野 純哉,1
伊藤 俊彦,大野 剛,1
伊藤 伸一,髙橋 正之,1
伊藤 伸一,荒川 晃大,1
伊藤 伸一,竹之下 眞喜子,1
井上 裕,渡辺 寛人,1
井上 裕,早瀬 文孝,1
五島 徹也,黒岩 真弓,1
二神 泰基,尾上 昌平,1
二神 泰基,奥村 真衣,1
二神 泰基,大岩 達郎,1
二神 泰基,向田 潤,1
二神 泰基,吉村 明浩,1
二神 泰基,合原 翔平,1
二神 泰基,原口 愛美,1
二神 泰基,劉 根僑,1
二神 泰基,劉 夢迪,1
二神 泰基,内田 みなみ,1
亀澤 浩幸,瀬戸口 眞治,1
亀澤 浩幸,安藤 義則,1
亀澤 浩幸,冨吉 彩加,1
亀岡 孝治,橋本 篤,1
亀岡 孝治,末原 憲一郎,1
乙黒 美彩,柳田 藤寿,1
乙黒 美彩,岸本 宗和,1
乙黒 美彩,安部 正彦,1
久貝 樹幹,玉城 康智,1
久貝 樹幹,東 春奈,1
久貝 樹幹,外山 博英,1
久貝 樹幹,塚原 正俊,1
久田 健一郎,高橋 睦樹,1
久田 健一郎,鈴木 更紗,1
久田 健一郎,藪崎 志穂,1
久田 健一郎,平出 淑恵,1
久田 健一郎,寺本 聡子,1
久田 健一郎,奥田 将生,1
久田 健一郎,土田 洋史,1
久田 健一郎,唐田 幸彦,1
二神 泰基,小島 舞,1
二神 泰基,島田 昌也,1
五島 徹也,野呂 二三,1
二神 泰基,平井 菜未,1
五島 徹也,蓮田 寛和,1
五島 徹也,稲橋 正明,1
五島 徹也,石川 雄章,1
五島 徹也,浅水 俊平,1
五島 徹也,武藤 貴史,1
五島 徹也,村上 智子,1
五島 徹也,木崎 康造,1
五島 徹也,山田 雅人,1
五島 徹也,尾仲 宏康,1
五島 徹也,守興 麻理絵,1
五島 徹也,周 延,1
五島 徹也,北本 勝ひこ,1
五味 勝也,福崎 英一郎,1
五味 勝也,玉田 佳大,1
五味 勝也,新間 秀一,1
五味 勝也,広畑 修二,1
二神 泰基,鮫島 吉廣,1
二神 泰基,飯島 遼平,1
二神 泰基,鈴木 徹,1
二神 泰基,遠城 道雄,1
二神 泰基,章 超,1
二神 泰基,稲垣 瑞穂,1
二神 泰基,益留 綾菜,1
二神 泰基,澤井 美伯,1
二神 泰基,正木 和夫,1
二神 泰基,村田 梨恵,1
二神 泰基,杉山 誠,1
二神 泰基,曾 伝濤,1
二神 泰基,早川 享志,1
伊豆 英恵,大江 吉彦,1
伊豆 英恵,奥田 将生,1
伊豆 英恵,山口 一真,1
兒島 孝明,岡 大椰,1
光武 進,酒谷 真以,1
光武 進,藤原 朋子,1
光武 進,浜島 浩史,1
光武 進,柘植 圭介,1
光武 進,山﨑 梨沙,1
光武 進,大土井 律之,1
光武 進,外薗 寛郎,1
光武 進,北垣 浩志,1
優良きょうかい清酒酵母研究会,赤尾 健,1
優良きょうかい清酒酵母研究会,渡辺 大輔,1
優良きょうかい清酒酵母研究会,岡崎 直人,1
優良きょうかい清酒酵母研究会,周 延,1
倉橋 敦,渡辺 賢一,1
倉橋 敦,後藤 博,1
倉橋 敦,平山 匡男,1
倉橋 敦,尾崎 信紘,1
侯 德興,髙瀬 良和,1
侯 德興,章 超,1
侯 德興,河野 邦晃,1
侯 德興,村上 愛,1
侯 德興,岩井 謙一,1
侯 德興,坂尾 こず枝,1
佐藤 龍一,金井 宗良,1
佐藤 龍一,西堀 奈穂子,1
佐藤 龍一,藤井 力,1
佐藤 龍一,福家 成美,1
佐藤 龍一,熊崎 努,1
佐藤 龍一,森本 朋子,1
佐藤 龍一,山田 修,1
光武 進,阪本 真由子,1
全国味淋協会,全国地ビール醸造者協議会,1
佐藤 龍一,向井 伸彦,1
全国味淋協会,全国本みりん協議会,1
内田 みなみ,杉山 誠,1
内田 みなみ,早川 享志,1
内田 みなみ,平井 菜未,1
内田 みなみ,島田 昌也,1
内田 みなみ,奥村 真衣,1
内田 みなみ,向田 潤,1
内田 みなみ,吉村 明浩,1
内山 貴雄,高橋 朋,1
内山 貴雄,赤木 浩介,1
内山 貴雄,糀谷 啓仁,1
内山 貴雄,甫木 嘉朗,1
内山 貴雄,永田 信治,1
内山 貴雄,村松 久司,1
内山 貴雄,坂田 雅正,1
内山 貴雄,加藤 麗奈,1
内山 貴雄,加藤 翔子,1
全国本みりん協議会,日本酒造組合中央会,1
全国本みりん協議会,日本蒸留酒酒造組合,1
全国本みりん協議会,日本洋酒酒造組合,1
全国本みりん協議会,日本ワイナリー協会,1
全国地ビール醸造者協議会,日本酒造組合中央会,1
全国地ビール醸造者協議会,日本蒸留酒酒造組合,1
全国地ビール醸造者協議会,日本洋酒酒造組合,1
全国地ビール醸造者協議会,日本ワイナリー協会,1
全国地ビール醸造者協議会,全国本みりん協議会,1
全国味淋協会,日本酒造組合中央会,1
全国味淋協会,日本蒸留酒酒造組合,1
全国味淋協会,日本洋酒酒造組合,1
全国味淋協会,日本ワイナリー協会,1
佐藤 龍一,寺本 拓生,1
佐藤 龍一,吉田 聡子,1
伊豆 英恵,山田 修,1
佐原 弘師,秦 洋二,1
佐原 弘師,小髙 敦史,1
佐々木 瞳,金内 誠,1
佐々木 瞳,石子 彩夏,1
佐々木 瞳,戦 思彤,1
佐々木 慧,金井 宗良,1
佐々木 慧,西堀 奈穂子,1
佐々木 慧,藤井 力,1
佐々木 慧,磯谷 敦子,1
佐々木 慧,後藤 奈美,1
佐々木 慧,山田 修,1
佐々木 慧,吉田 聡子,1
伏木 亨,田村 博康,1
伏木 亨,水沼 正樹,1
伏木 亨,平田 大,1
伊豆 英恵,髙橋 正之,1
伊豆 英恵,髙橋 圭,1
伊豆 英恵,飯塚 幸子,1
伊豆 英恵,藤田 晃子,1
伊豆 英恵,藤井 力,1
伊豆 英恵,荒川 晃大,1
伊豆 英恵,竹之下 眞喜子,1
伊豆 英恵,田中 淳,1
伊豆 英恵,渡邊 悠志,1
伊豆 英恵,池田 優理子,1
伊豆 英恵,樫尾 篤樹,1
伊豆 英恵,日下 一尊,1
伊豆 英恵,川田 惟樹,1
伊豆 英恵,岸本 徹,1
伊豆 英恵,岡田 佳那子,1
佐原 弘師,松村 憲吾,1
佐古田 久雄,石井 友理,1
佐藤 謙仁,鷲頭 啓介,1
佐古田 久雄,藤原 伸介,1
佐藤 謙仁,廣川 豊一,1
佐藤 謙仁,宮内 英昭,1
佐藤 謙仁,安澤 義彦,1
佐藤 智美,齋藤 良,1
佐藤 智美,豊田 敦至,1
佐藤 智美,細井 淳,1
佐藤 智美,水野 正浩,1
佐藤 智美,岩野 君夫,1
佐藤 智美,吉川 茂利,1
佐藤 圭吾,金桶 光起,1
佐藤 和夫,進藤 斉,1
佐藤 和夫,濱田 茉莉,1
佐藤 和夫,渡邉 亮太,1
佐藤 和夫,池田 優子,1
佐藤 和夫,徳岡 昌文,1
佐藤 友紀,鈴木 浩武,1
佐藤 友紀,金古 堅太郎,1
佐藤 友紀,進藤 昌,1
佐藤 友紀,椎名 将平,1
佐藤 友紀,梅川 結,1
佐藤 健司,鄭 屹峰,1
佐藤 健司,白子 紗希,1
佐竹 弘樹,重田 一磨,1
佐竹 弘樹,西田 淑男,1
佐無田 隆,谷山 健弘,1
佐無田 隆,廣 あおい,1
佐無田 隆,谷山 健弘,1
佐無田 隆,廣 あおい,1
佐古田 久雄,赤坂 直紀,1
久田 健一郎,向井 伸彦,1
久永 絢美,髙瀬 良和,1
久永 絢美,章 超,1
上用 みどり,木下 靖章,1
上用 みどり,平出 淑恵,1
上用 みどり,川根 秀平,1
上用 みどり,岸本 徹,1
上用 みどり,岩本 理,1
上用 みどり,山田 修,1
上用 みどり,寺本 聡子,1
上用 みどり,土田 洋史,1
上用 みどり,土田 恭弘,1
上用 みどり,唐田 幸彦,1
上用 みどり,吉岡 利晃,1
上用 みどり,吉仲 栄造,1
上用 みどり,伊豆 英恵,1
上用 みどり,久田 健一郎,1
上池 貴晃,秋吉 渚月,1
上池 貴晃,永田 善明,1
上池 貴晃,朝比奈 秀一,1
上池 貴晃,大渡 康夫,1
上池 貴晃,土佐 典照,1
上東 治彦,高橋 朋,1
上東 治彦,赤木 浩介,1
上東 治彦,糀谷 啓仁,1
上東 治彦,甫木 嘉朗,1
上東 治彦,永田 信治,1
上東 治彦,村松 久司,1
上東 治彦,坂田 雅正,1
上東 治彦,加藤 麗奈,1
上東 治彦,加藤 翔子,1
上東 治彦,内山 貴雄,1
上原 誉志夫,石田 安理紗,1
上用 みどり,後藤 奈美,1
上用 みどり,村井 喜彦,1
上佐古 大貴,熊崎 努,1
上用 みどり,桐山 裕史,1
下司 友仁香,沼本 穂,1
下司 友仁香,森本 陽子,1
下司 友仁香,寺田 裕信,1
下司 友仁香,大砂古 俊之,1
下司 友仁香,大橋 善之,1
下司 友仁香,増村 威宏,1
下司 友仁香,北 和海,1
上田 正人,那須 清吾,1
上田 正人,能勢 晶,1
上田 正人,朴 啓彰,1
上田 正人,山下 典生,1
上田 剛,駒越 まるみ,1
上田 剛,藤井 力,1
上田 剛,落合 伸夫,1
上田 剛,笹本 喜久男,1
上田 剛,磯谷 敦子,1
上田 剛,横野 瑞希,1
上田 剛,久保田 健斗,1
上用 みどり,高見 昭彦,1
上用 みどり,高橋 睦樹,1
上用 みどり,飯塚 幸子,1
上用 みどり,鈴木 更紗,1
上用 みどり,藪崎 志穂,1
上用 みどり,藤田 晃子,1
上用 みどり,神田 涼子,1
上用 みどり,磯谷 敦子,1
上用 みどり,為久 博文,1
上用 みどり,海老 克哉,1
上用 みどり,榎本 安宏,1
上原 誉志夫,小野 明日香,1
上佐古 大貴,水谷 治,1
下山 力生,伊藤 一成,1
三ツ井 敏明,椎名 将平,1
ファム ティー ゴック ジェップ,金内 誠,1
ファム ティー ゴック ジェップ,石子 彩夏,1
ファム ティー ゴック ジェップ,戦 思彤,1
ファム ティー ゴック ジェップ,佐々木 瞳,1
ビール酒造組合,日本酒造組合中央会,1
ビール酒造組合,日本蒸留酒酒造組合,1
ビール酒造組合,日本洋酒酒造組合,1
ビール酒造組合,日本ワイナリー協会,1
ビール酒造組合,全国本みりん協議会,1
ビール酒造組合,全国地ビール醸造者協議会,1
ビール酒造組合,全国味淋協会,1
こばた てるみ,浜田 由紀雄,1
こばた てるみ,今田 周三,1
Singh Archana K.,東原 和成,1
Singh Archana K.,岡本 雅子,1
Ken IWATSUKI,岩槻 健,1
Ken IWATSUKI,小松 さゆり,1
Ken IWATSUKI,坂口 恒介,1
Jannatul Ferdouse,阪本 真由子,1
Jannatul Ferdouse,酒谷 真以,1
Jannatul Ferdouse,西向 めぐみ,1
Jannatul Ferdouse,浜島 浩史,1
Jannatul Ferdouse,永尾 晃治,1
Jannatul Ferdouse,柳田 晃良,1
Jannatul Ferdouse,柘植 圭介,1
Jannatul Ferdouse,光武 進,1
Adinda Putri Wisman,福崎 英一郎,1
Adinda Putri Wisman,玉田 佳大,1
Adinda Putri Wisman,新間 秀一,1
三ツ井 敏明,佐藤 友紀,1
三ツ井 敏明,金古 堅太郎,1
上佐古 大貴,寺本 拓生,1
三ツ井 敏明,鈴木 浩武,1
上佐古 大貴,吉田 聡子,1
上佐古 大貴,佐藤 龍一,1
三村 昭彦,那須 賢二,1
三村 昭彦,豊田 健太郎,1
三村 昭彦,池崎 秀和,1
三村 昭彦,戸塚 昭,1
三村 昭彦,平林 和之,1
三宅 剛史,下山 力生,1
三坂 巧,成川 真隆,1
三井 俊,赤尾 健,1
三井 俊,船井 秀哉,1
三井 俊,榊原 康彰,1
三井 俊,杉山 信之,1
三井 俊,吉村 明浩,1
三井 亮司,鈴木 徹,1
三井 亮司,稲垣 瑞穂,1
三井 亮司,玉置 尚徳,1
三井 亮司,澤井 美伯,1
三井 亮司,正木 和夫,1
三井 亮司,杉山 誠,1
三井 亮司,早川 享志,1
三井 亮司,平井 菜未,1
三井 亮司,島田 昌也,1
三井 亮司,奥村 真衣,1
三井 亮司,向田 潤,1
三井 亮司,吉村 明浩,1
三井 亮司,内田 みなみ,1
三井 亮司,二神 泰基,1
三井 亮司,中川 智行,1
下司 友仁香,藤原 久志,1
下山 力生,勝尾 晃久,1
久永 絢美,河野 邦晃,1
久 遼馬,二神 泰基,1
丸山 裕慎,赤尾 健,1
丸山 裕慎,田中 真二,1
丸山 裕慎,栗田 修,1
丸山 裕慎,宮﨑 優太,1
丸山 裕慎,宮本 敦史,1
丸山 裕慎,堀場 文二,1
丸山 潤一,黒岩 真弓,1
丸山 潤一,赤尾 健,1
丸山 潤一,浅水 俊平,1
丸山 潤一,山田 雅人,1
丸山 潤一,尾仲 宏康,1
丸山 潤一,北本 勝ひこ,1
丸山 潤一,五島 徹也,1
中野 秀雄,岡 大椰,1
中野 秀雄,兒島 孝明,1
中野 久美子,田村 博康,1
中野 久美子,水沼 正樹,1
中野 久美子,平田 大,1
中野 久美子,伏木 亨,1
中里 厚実,門倉 利守,1
中里 厚実,西森 大貴,1
中里 厚実,徳岡 昌文,1
中里 厚実,山本 佳奈子,1
中西 尚文,野村 由司彦,1
中西 尚文,田中 真二,1
中西 尚文,山﨑 栄次,1
中西 尚文,小澤 敦揮,1
中西 尚文,宮﨑 優太,1
中西 尚文,宮本 敦史,1
丸山 裕慎,野村 由司彦,1
久 遼馬,原口 愛美,1
中西 尚文,丸山 裕慎,1
久 遼馬,吉﨑 由美子,1
久永 絢美,村上 愛,1
久永 絢美,岩井 謙一,1
久永 絢美,坂尾 こず枝,1
久永 絢美,侯 德興,1
久常 有里,藤田 晃子,1
久常 有里,藤井 力,1
久常 有里,濱田 由紀雄,1
久常 有里,富原 健一,1
久保田 健斗,駒越 まるみ,1
久保田 健斗,藤井 力,1
久保田 健斗,落合 伸夫,1
久保田 健斗,笹本 喜久男,1
久保田 健斗,磯谷 敦子,1
久保田 健斗,横野 瑞希,1
久保 臣悟,髙峯 和則,1
久保 臣悟,門岡 千尋,1
久保 臣悟,玉置 尚徳,1
久保 臣悟,後藤 正利,1
久保 臣悟,尾上 昌平,1
久保 臣悟,奥津 果優,1
久保 臣悟,吉﨑 由美子,1
久保 臣悟,合原 翔平,1
久保 臣悟,二神 泰基,1
久 遼馬,髙峯 和則,1
久 遼馬,白石 洋平,1
久 遼馬,玉置 尚徳,1
久 遼馬,村田 梨恵,1
久 遼馬,奥津 果優,1
久 遼馬,和久 豊,1
中西 尚文,堀場 文二,1
中藤 裕子,鈴木 秀之,1
下山 力生,宮下 晃一,1
中川 智行,正木 和夫,1
中川 智行,早川 享志,1
中川 智行,平井 菜未,1
中川 智行,島田 昌也,1
中川 智行,奥村 真衣,1
中川 智行,向田 潤,1
中川 智行,吉村 明浩,1
中川 智行,内田 みなみ,1
中川 智行,二神 泰基,1
中山 俊一,門倉 利守,1
中山 俊一,西森 大貴,1
中山 俊一,徳岡 昌文,1
中山 俊一,山本 佳奈子,1
中山 俊一,中里 厚実,1
中原 克己,野呂 二三,1
中原 克己,赤尾 健,1
中原 克己,蓮田 寛和,1
中原 克己,稲橋 正明,1
中原 克己,村上 智子,1
中原 克己,伊藤 俊彦,1
中原 克己,五島 徹也,1
下飯 仁,赤尾 健,1
下飯 仁,渡辺 大輔,1
下飯 仁,岡崎 直人,1
下飯 仁,周 延,1
下飯 仁,優良きょうかい清酒酵母研究会,1
下渡 敏治,星野 ワンケイ,1
下山 力生,谷野 有佳,1
下山 力生,竹内 赴登,1
下山 力生,岡﨑 達郎,1
中川 智行,杉山 誠,1
中川 智行,澤井 美伯,1
中藤 裕子,田村 友規,1
中川 智行,玉置 尚徳,1
中田 佳幸,薦田 裕,1
中田 佳幸,徳力 望,1
中村 諒,鷲頭 啓介,1
中村 諒,田村 博康,1
中村 諒,水沼 正樹,1
中村 諒,廣川 豊一,1
中村 諒,平田 大,1
中村 諒,宮内 英昭,1
中村 諒,安澤 義彦,1
中村 諒,佐藤 謙仁,1
中村 諒,伏木 亨,1
中村 諒,中野 久美子,1
中村 彩奈,米井 嘉一,1
中村 彩奈,渡辺 賢一,1
中村 彩奈,後藤 博,1
中村 彩奈,平山 匡男,1
中村 彩奈,尾崎 信紘,1
中村 幸宏,葛西 寛一,1
中村 幸宏,秦 洋二,1
中村 幸宏,渡邊 賢明,1
中村 幸宏,森本（榊原） 舞子,1
中村 幸宏,松村 憲吾,1
中村 幸宏,小髙 敦史,1
中村 剛,高瀬 貴仁,1
中村 剛,高澄 耕次,1
中村 剛,瀬川 修一,1
中村 剛,小杉 隆之,1
中川 智行,鈴木 徹,1
中川 智行,稲垣 瑞穂,1
内田 みなみ,正木 和夫,1
内田 みなみ,玉置 尚徳,1
安部 正彦,柳田 藤寿,1
城斗 志夫,有本 圭吾,1
塚原 正俊,山田 修,1
堀場 文二,野村 由司彦,1
堀場 文二,田中 真二,1
堀場 文二,山﨑 栄次,1
堀場 文二,小澤 敦揮,1
堀場 文二,宮﨑 優太,1
堀場 文二,宮本 敦史,1
堀場 太郎,碇 菜穂,1
堀場 太郎,川島 忠臣,1
城斗 志夫,長井 隆,1
城斗 志夫,鈴木 利明,1
城斗 志夫,畠山 明,1
城斗 志夫,渡邉 陽介,1
城斗 志夫,栗林 喬,1
城斗 志夫,星野 敦,1
内田 みなみ,稲垣 瑞穂,1
城 斗志夫,長井 隆,1
城 斗志夫,鈴木 利明,1
城 斗志夫,金桶 光起,1
城 斗志夫,畠山 明,1
城 斗志夫,渡邉 陽介,1
城 斗志夫,栗林 孝,1
城 斗志夫,有本 圭吾,1
城 斗志夫,星野 敦,1
城 斗志夫,宮尾 俊輔,1
坊垣 隆之,尾関 健二,1
坂田 雅正,高橋 朋,1
坂田 雅正,赤木 浩介,1
坂田 雅正,糀谷 啓仁,1
坂田 雅正,甫木 嘉朗,1
塚原 正俊,水谷 治,1
塚原 正俊,玉城 康智,1
増村 威宏,大橋 善之,1
増村 威宏,大砂古 俊之,1
大土井 律之,藤原 朋子,1
大土井 律之,永尾 晃治,1
大土井 律之,柳田 晃良,1
大土井 律之,山﨑 梨沙,1
大和田 琢二,高谷 政宏,1
大和田 琢二,大渕 秀樹,1
多山 賢二,高野 恭秀,1
多山 賢二,馬渕 良太,1
多山 賢二,鈴木 麻希,1
多山 賢二,金広 有紀,1
多山 賢二,谷本 昌太,1
多山 賢二,藤川 美歩,1
多山 賢二,荒木 彩,1
多山 賢二,泉 知沙,1
外薗 寛郎,西向 めぐみ,1
外薗 寛郎,藤原 朋子,1
外薗 寛郎,永尾 晃治,1
外薗 寛郎,柳田 晃良,1
外薗 寛郎,山﨑 梨沙,1
外薗 寛郎,大土井 律之,1
外山 博英,玉城 康智,1
外山 博英,水谷 治,1
外山 博英,山田 修,1
増田 達也,野田 衛,1
増田 達也,小田 卓治,1
増村 威宏,藤原 久志,1
増村 威宏,沼本 穂,1
増村 威宏,森本 陽子,1
増村 威宏,寺田 裕信,1
坂田 雅正,永田 信治,1
坂田 雅正,村松 久司,1
坂本 光一,髙橋 正之,1
土田 洋史,奥田 将生,1
土田 恭弘,高見 昭彦,1
土田 恭弘,河野 弘美,1
土田 恭弘,桐山 裕史,1
土田 恭弘,村井 喜彦,1
土田 恭弘,奥田 将生,1
土岐 春歌,青山 嘉宏,1
土岐 春歌,殿内 暁夫,1
土岐 春歌,森山 裕理子,1
土屋 友理,太田 拓,1
土佐 典照,秋吉 渚月,1
土佐 典照,永田 善明,1
土佐 典照,朝比奈 秀一,1
土佐 典照,大渡 康夫,1
喜田 珠光,髙下 秀春,1
喜田 珠光,高山 清子,1
喜田 珠光,藤原 絵美,1
喜田 珠光,福良 奈津子,1
喜田 珠光,祝園 秀樹,1
喜田 珠光,梶原 康博,1
唐田 幸彦,高橋 睦樹,1
唐田 幸彦,鈴木 更紗,1
唐田 幸彦,藪崎 志穂,1
唐田 幸彦,平出 淑恵,1
唐田 幸彦,寺本 聡子,1
唐田 幸彦,奥田 将生,1
唐田 幸彦,土田 洋史,1
和久 豊,村田 梨恵,1
周 延,韓 錦順,1
周 延,福田 央,1
土田 恭弘,髙橋 圭,1
土田 洋史,寺本 聡子,1
坂本 光一,荒川 晃大,1
土田 洋史,平出 淑恵,1
坂本 光一,竹之下 眞喜子,1
坂本 光一,田中 淳,1
坂本 光一,渡邊 悠志,1
坂本 光一,樫尾 篤樹,1
坂本 光一,日下 一尊,1
坂本 光一,川田 惟樹,1
坂本 光一,岡田 佳那子,1
坂本 光一,山口 一真,1
坂本 光一,大江 吉彦,1
坂尾 こず枝,髙瀬 良和,1
坂尾 こず枝,章 超,1
坂尾 こず枝,河野 邦晃,1
坂尾 こず枝,村上 愛,1
坂尾 こず枝,岩井 謙一,1
坂口 栄一郎,橋本 悠希,1
坂口 栄一郎,梶原 信三,1
坂口 栄一郎,村松 良樹,1
坂口 栄一郎,川上 昭太郎,1
坂口 栄一郎,室井 佑介,1
坂口 恒介,岩槻 健,1
坂口 恒介,小松 さゆり,1
坂井 将之,渡邊 健一,1
坂井 将之,渡邉 剛志,1
坂井 将之,栗林 喬,1
坂井 将之,成田 護,1
坂井 将之,岩野 君夫,1
土田 洋史,高橋 睦樹,1
土田 洋史,鈴木 更紗,1
土田 洋史,藪崎 志穂,1
大土井 律之,西向 めぐみ,1
大場 孝宏,尾野島 親利,1
大場 孝宏,松岡 武志,1
奥田 将生,進藤 昌,1
奥田 将生,藪崎 志穂,1
奥田 将生,藤田 晃子,1
奥田 将生,神田 涼子,1
奥田 将生,磯谷 敦子,1
奥田 将生,田中 建伎,1
奥田 将生,為久 博文,1
奥田 将生,海老 克哉,1
奥田 将生,榎本 安宏,1
奥田 将生,桐山 裕史,1
奥田 将生,村井 喜彦,1
奥田 将生,本間 一郎,1
奥田 将生,木下 靖章,1
奥田 将生,後藤 奈美,1
奥田 将生,平田 大,1
奥田 将生,平澤 亮太郎,1
奥田 将生,平出 淑恵,1
奥田 将生,川根 秀平,1
奥田 将生,岸本 徹,1
奥田 将生,岩本 理,1
奥田 将生,山田 修,1
奥田 将生,寺本 聡子,1
奥津 果優,鮫島 吉廣,1
奥津 果優,門岡 千尋,1
奥津 果優,遠城 道雄,1
奥津 果優,村田 梨恵,1
奥津 果優,曾 伝濤,1
奥津 果優,後藤 正利,1
奥津 果優,尾上 昌平,1
奥津 果優,小島 舞,1
奥田 将生,西田 郁久,1
奥田 将生,金桶 光起,1
奥村 真衣,稲垣 瑞穂,1
奥田 将生,鈴木 更紗,1
安部 正彦,岸本 宗和,1
安藤 英紀,石田 竜弘,1
安藤 英紀,田島 健次,1
安藤 英紀,松島 得雄,1
安藤 英紀,小瀬 亮太,1
安藤 義則,瀬戸口 眞治,1
安藤 仁,岸本 憲明,1
安澤 義彦,鷲頭 啓介,1
安澤 義彦,廣川 豊一,1
安澤 義彦,宮内 英昭,1
守興 麻理絵,赤尾 健,1
守興 麻理絵,岡崎 直人,1
宇都宮 由佳,館 博,1
宇都宮 由佳,福留 奈美,1
孫 照勇,陳 浩,1
孫 照勇,譚 力,1
孫 照勇,袁 華偉,1
孫 照勇,湯 岳琴,1
孫 照勇,木田 建次,1
孟 琦,菅原 悦子,1
奥野 博紀,甲斐 ひとみ,1
奥野 博紀,瀬戸 口翔,1
奥野 博紀,河野 邦晃,1
奥野 博紀,尾崎 真理子,1
奥野 博紀,宮川 博士,1
奥田 将生,高見 昭彦,1
奥田 将生,高橋 睦樹,1
奥田 将生,高嶋 海,1
奥田 将生,飯塚 幸子,1
奥村 真衣,鈴木 徹,1
奥村 真衣,玉置 尚徳,1
大塚 祐一郎,楠本 倫久,1
大渡 康夫,秋吉 渚月,1
大渡 康夫,朝比奈 秀一,1
大渕 秀樹,高谷 政宏,1
大江 吉彦,髙橋 正之,1
大江 吉彦,荒川 晃大,1
大江 吉彦,竹之下 眞喜子,1
大江 吉彦,田中 淳,1
大江 吉彦,渡邊 悠志,1
大江 吉彦,樫尾 篤樹,1
大江 吉彦,日下 一尊,1
大江 吉彦,川田 惟樹,1
大江 吉彦,岡田 佳那子,1
大江 吉彦,山口 一真,1
大橋 善之,藤原 久志,1
大橋 善之,沼本 穂,1
大橋 善之,森本 陽子,1
大橋 善之,寺田 裕信,1
大橋 善之,大砂古 俊之,1
大東 功承,西本 遼,1
大東 功承,玉田 佳大,1
大東 功承,浅井 拓也,1
大東 功承,明石 貴裕,1
大東 功承,山内 隆寛,1
大東 功承,山下 伸雄,1
大岩 達郎,益留 綾菜,1
大岩 達郎,玉置 尚徳,1
大岩 達郎,瀬戸口 翔,1
大岩 達郎,河野 邦晃,1
大岩 達郎,岩井 謙一,1
大塚 祐一郎,野尻 昌信,1
大渡 康夫,永田 善明,1
大澤 実,石原 智,1
奥村 真衣,澤井 美伯,1
大石 雅志,梶原 康博,1
奥村 真衣,正木 和夫,1
奥村 真衣,杉山 誠,1
奥村 真衣,早川 享志,1
奥村 真衣,平井 菜未,1
奥村 真衣,島田 昌也,1
太田 広人,高山 清子,1
太田 広人,越智 洋,1
太田 広人,祝園 秀樹,1
Adinda Putri Wisman,広畑 修二,1
太田 広人,森村 茂,1
太田 広人,木田 建次,1
太田 広人,工藤 哲三,1
太田 広人,山田 和史,1
太田 広人,山本 英樹,1
大野 雅幸,諸橋 一樹,1
大野 雅幸,相澤 常滋,1
大野 雅幸,宮本 宗周,1
大野 純哉,橋爪 克己,1
大野 純哉,奥田 将生,1
大野 剛,高嶋 海,1
大野 剛,進藤 昌,1
大野 剛,橋爪 克己,1
大野 剛,奥田 将生,1
大砂古 俊之,藤原 久志,1
大砂古 俊之,沼本 穂,1
大砂古 俊之,森本 陽子,1
大砂古 俊之,寺田 裕信,1
大石 雅志,高下 秀春,1
大石 雅志,竹川 薫,1
周 延,渡辺 大輔,1
周 延,守興 麻理絵,1
呂 洙煥,松下 青葉,1
北垣 浩志,阪本 真由子,1
北垣 浩志,藤原 朋子,1
北垣 浩志,稲葉 繁樹,1
北垣 浩志,田中 猛豪,1
北垣 浩志,満生 萌水,1
北垣 浩志,深見 裕之,1
北垣 浩志,永尾 晃治,1
北垣 浩志,柘植 圭介,1
北垣 浩志,曽 馨儀,1
北垣 浩志,川口 真一,1
北垣 浩志,山﨑 梨沙,1
北垣 浩志,尾關 佑樹,1
北垣 浩志,小濵 可奈絵,1
北垣 浩志,大土井 律之,1
北垣 浩志,外薗 寛郎,1
北垣 浩志,古澤 省吾,1
北 和海,藤原 久志,1
北 和海,沼本 穂,1
北 和海,森本 陽子,1
北 和海,寺田 裕信,1
北 和海,大砂古 俊之,1
北 和海,大橋 善之,1
北 和海,増村 威宏,1
包 紅彬,高見 昭彦,1
包 紅彬,飯塚 幸子,1
包 紅彬,藤田 晃子,1
包 紅彬,神田 涼子,1
包 紅彬,磯谷 敦子,1
包 紅彬,為久 博文,1
包 紅彬,海老 克哉,1
北垣 浩志,西向 めぐみ,1
北山 賀隆,橋口 知一,1
包 紅彬,桐山 裕史,1
北山 賀隆,武宮 重人,1
原口 愛美,白石 洋平,1
原口 愛美,玉置 尚徳,1
原口 愛美,村田 梨恵,1
原口 愛美,奥津 果優,1
原口 愛美,和久 豊,1
原口 愛美,吉﨑 由美子,1
原 崇,栗林 孝,1
南 篤志,及川 英秋,1
北村 哲也,髙橋 正之,1
北村 哲也,荒川 晃大,1
北村 哲也,竹之下 眞喜子,1
北村 哲也,田中 淳,1
北村 哲也,渡邊 悠志,1
北村 哲也,樫尾 篤樹,1
北村 哲也,日下 一尊,1
北村 哲也,川田 惟樹,1
北村 哲也,岡田 佳那子,1
北村 哲也,山口 一真,1
北村 哲也,大江 吉彦,1
北村 哲也,坂本 光一,1
北本 勝ひこ,黒岩 真弓,1
北本 勝ひこ,赤尾 健,1
北本 勝ひこ,浅水 俊平,1
北本 勝ひこ,山田 雅人,1
北本 勝ひこ,尾仲 宏康,1
北岡 篤士,高堂 泰輔,1
北岡 篤士,西村 隆雄,1
北岡 篤士,藤原 久志,1
北岡 篤士,若井 芳則,1
包 紅彬,榎本 安宏,1
包 紅彬,村井 喜彦,1
原山 耕一,宮本 靖久,1
加藤 翔子,村松 久司,1
加藤 翔子,加藤 麗奈,1
劉 根僑,髙峯 和則,1
劉 根僑,玉置 尚徳,1
劉 根僑,奥津 果優,1
劉 根僑,吉﨑 由美子,1
劉 夢迪,髙峯 和則,1
劉 夢迪,遠城 道雄,1
劉 夢迪,玉置 尚徳,1
劉 夢迪,曾 伝濤,1
劉 夢迪,奥津 果優,1
劉 夢迪,吉﨑 由美子,1
前田 晃宏,高橋 享子,1
前田 晃宏,竹本 和仁,1
前田 晃宏,浅野 真理子,1
利田 賢次,韓 錦順,1
利田 賢次,長船 行雄,1
利田 賢次,磯谷 敦子,1
利田 賢次,相澤 常滋,1
利田 賢次,宮本 宗周,1
利田 賢次,向井 伸彦,1
冨吉 彩加,瀬戸口 眞治,1
冨吉 彩加,安藤 義則,1
内田 基晴,飯田 愛実,1
内田 基晴,荒木 利芳,1
内田 基晴,秀島 宣雄,1
内田 基晴,村瀬 昇,1
内田 基晴,村山 史康,1
内田 基晴,杉浦 義正,1
内田 みなみ,鈴木 徹,1
加藤 翔子,坂田 雅正,1
加藤 翔子,永田 信治,1
包 紅彬,木下 靖章,1
加藤 翔子,甫木 嘉朗,1
包 紅彬,岸本 徹,1
包 紅彬,岩本 理,1
包 紅彬,山田 修,1
包 紅彬,土田 恭弘,1
包 紅彬,吉岡 利晃,1
包 紅彬,吉仲 栄造,1
勝木 慶一郎,尾野島 親利,1
勝木 慶一郎,大場 孝宏,1
加藤 麗奈,高橋 朋,1
加藤 麗奈,赤木 浩介,1
加藤 麗奈,糀谷 啓仁,1
加藤 麗奈,甫木 嘉朗,1
加藤 麗奈,永田 信治,1
加藤 麗奈,村松 久司,1
加藤 麗奈,坂田 雅正,1
加藤 雅士,赤尾 健,1
加藤 雅士,船井 秀哉,1
加藤 雅士,榊原 康彰,1
加藤 雅士,杉山 信之,1
加藤 雅士,吉村 明浩,1
加藤 裕久,稲谷 久雄,1
加藤 聡,黒木 邦彦,1
加藤 聡,高山 清子,1
加藤 聡,越智 洋,1
加藤 聡,水谷 政美,1
加藤 聡,山本 英樹,1
加藤 翔子,高橋 朋,1
加藤 翔子,赤木 浩介,1
加藤 翔子,糀谷 啓仁,1
原口 愛美,髙峯 和則,1
原山 耕一,鈴木 康司,1
呂 洙煥,杉山 峰崇,1
向井 伸彦,岸本 徹,1
向井 伸彦,寺本 聡子,1
向井 伸彦,寺本 拓生,1
向井 伸彦,家藤 治幸,1
向井 伸彦,宮本 宗周,1
向井 伸彦,土田 洋史,1
向井 伸彦,土田 恭弘,1
向井 伸彦,唐田 幸彦,1
吉﨑 由美子,鮫島 吉廣,1
吉﨑 由美子,門岡 千尋,1
吉﨑 由美子,遠城 道雄,1
吉﨑 由美子,村田 梨恵,1
吉﨑 由美子,曾 伝濤,1
吉﨑 由美子,後藤 正利,1
吉﨑 由美子,尾上 昌平,1
吉﨑 由美子,小島 舞,1
吉田 聡子,福家 成美,1
吉田 聡子,磯谷 敦子,1
吉田 聡子,熊崎 努,1
吉田 聡子,森本 朋子,1
吉田 聡子,後藤 奈美,1
吉田 聡子,寺本 拓生,1
吉田 聡子,向井 伸彦,1
吉村 緑,石川 潤一,1
吉村 緑,畑中 咲子,1
吉村 緑,瀬尾 直美,1
吉村 緑,渡辺 守,1
吉村 緑,橋本 建哉,1
吉村 緑,有住 和彦,1
吉村 明浩,鈴木 徹,1
向井 伸彦,岩本 理,1
向井 伸彦,平出 淑恵,1
吉村 明浩,赤尾 健,1
向井 伸彦,木下 靖章,1
呂 洙煥,文 智渶,1
向田 潤,鈴木 徹,1
向田 潤,稲垣 瑞穂,1
向田 潤,玉置 尚徳,1
向田 潤,澤井 美伯,1
向田 潤,正木 和夫,1
向田 潤,杉山 誠,1
向田 潤,早川 享志,1
向田 潤,平井 菜未,1
向田 潤,島田 昌也,1
向田 潤,奥村 真衣,1
向井 伸彦,高見 昭彦,1
向井 伸彦,高橋 睦樹,1
向井 伸彦,飯塚 幸子,1
向井 伸彦,長船 行雄,1
向井 伸彦,鈴木 更紗,1
向井 伸彦,藪崎 志穂,1
向井 伸彦,藤田 晃子,1
向井 伸彦,神田 涼子,1
向井 伸彦,相澤 常滋,1
向井 伸彦,田中 建伎,1
向井 伸彦,熊崎 努,1
向井 伸彦,為久 博文,1
向井 伸彦,海老 克哉,1
向井 伸彦,水谷 治,1
向井 伸彦,正木 和夫,1
向井 伸彦,榎本 安宏,1
向井 伸彦,桐山 裕史,1
向井 伸彦,村井 喜彦,1
吉村 明浩,近藤 徹弥,1
吉村 明浩,船井 秀哉,1
原山 耕一,鷲田 和人,1
吉仲 栄造,桐山 裕史,1
吉仲 栄造,奥田 将生,1
吉仲 栄造,土田 恭弘,1
吉仲 栄造,向井 伸彦,1
合原 翔平,髙峯 和則,1
合原 翔平,門岡 千尋,1
合原 翔平,玉置 尚徳,1
合原 翔平,後藤 正利,1
合原 翔平,尾上 昌平,1
合原 翔平,奥津 果優,1
合原 翔平,吉﨑 由美子,1
古田 歩,馬渕 良太,1
古田 歩,近藤 留未,1
古田 歩,谷本 昌太,1
古田 歩,田辺 詩織,1
古田 歩,岩佐 美月,1
古田 歩,大石 綾乃,1
古澤 省吾,稲葉 繁樹,1
古澤 省吾,満生 萌水,1
古澤 省吾,柳田 晃良,1
古澤 省吾,曽 馨儀,1
古澤 省吾,戴 凰凰,1
古屋 俊樹,木野 邦器,1
原田 恭行,横井 健二,1
原本 直幸,赤尾 健,1
原本 直幸,船井 秀哉,1
原本 直幸,榊原 康彰,1
原本 直幸,杉山 信之,1
原本 直幸,吉村 明浩,1
原島 俊,浴野 圭輔,1
吉仲 栄造,村井 喜彦,1
吉仲 栄造,河野 弘美,1
吉村 明浩,稲垣 瑞穂,1
吉仲 栄造,高見 昭彦,1
吉村 明浩,玉置 尚徳,1
吉村 明浩,澤井 美伯,1
吉村 明浩,正木 和夫,1
吉村 明浩,榊原 康彰,1
吉村 明浩,杉山 誠,1
吉村 明浩,杉山 信之,1
吉村 明浩,早川 享志,1
吉村 明浩,志水 元亨,1
吉村 明浩,平井 菜未,1
吉村 明浩,島田 昌也,1
吉村 明浩,山本 晃司,1
吉村 明浩,家田 明音,1
吉村 明浩,奥村 真衣,1
吉村 明浩,向田 潤,1
吉川 茂利,齋藤 良,1
吉川 茂利,豊田 敦至,1
吉川 茂利,細井 淳,1
吉川 茂利,水野 正浩,1
吉川 茂利,岩野 君夫,1
吉岡 利晃,髙橋 圭,1
吉岡 利晃,為久 博文,1
吉岡 利晃,海老 克哉,1
吉岡 利晃,河野 弘美,1
吉岡 利晃,榎本 安宏,1
吉岡 利晃,木下 靖章,1
吉岡 利晃,岩本 理,1
吉岡 利晃,奥田 将生,1
吉岡 利晃,向井 伸彦,1
吉仲 栄造,髙橋 圭,1
髙峯 和則,鮫島 吉廣,1
